{
  "36_months": {
    "0%": {
      "0-20000": 0.03815,
      "20001-50000": 0.03815,
      "50001-100000": 0.03755,
      "100000+": 0.03707
    },
    "10%": {
      "0-20000": 0.03511,
      "20001-50000": 0.03511,
      "50001-100000": 0.03454,
      "100000+": 0.03409
    },
    "15%": {
      "0-20000": 0.04133,
      "20001-50000": 0.04003,
      "50001-100000": 0.03883,
      "100000+": 0.03803
    }
  },
  "48_months": {
    "0%": {
      "0-20000": 0.03155,
      "20001-50000": 0.03155,
      "50001-100000": 0.03093,
      "100000+": 0.03043
    },
    "10%": {
      "0-20000": 0.02805,
      "20001-50000": 0.02805,
      "50001-100000": 0.02741,
      "100000+": 0.02694
    },
    "15%": {
      "0-20000": 0.03375,
      "20001-50000": 0.03245,
      "50001-100000": 0.03125,
      "100000+": 0.03045
    }
  },
  "60_months": {
    "0%": {
      "0-20000": 0.02772,
      "20001-50000": 0.02772,
      "50001-100000": 0.02705,
      "100000+": 0.02658
    },
    "10%": {
      "0-20000": 0.02327,
      "20001-50000": 0.02327,
      "50001-100000": 0.02315,
      "100000+": 0.02267
    },
    "15%": {
      "0-20000": 0.02937,
      "20001-50000": 0.02807,
      "50001-100000": 0.02687,
      "100000+": 0.02607
    }
  }
}